{"cameraMode":{"drawMode":0,"name":"Shaded","section":"Shading Mode"},"sceneLighting":true,"audioPlay":false,"sceneViewState":{"m_AlwaysRefresh":false,"showFog":true,"showSkybox":false,"showFlares":true,"showImageEffects":true,"showParticleSystems":true,"showVisualEffectGraphs":true,"m_FxEnabled":true},"in2DMode":false,"pivot":{"x":5.577130317687988,"y":145.6896514892578,"z":123.50849151611328},"rotation":{"x":0.002211686922237277,"y":0.995204746723175,"z":-0.09522908926010132,"w":0.02300366759300232},"size":163.7695770263672,"orthographic":false}