{"cameraMode":{"drawMode":0,"name":"Shaded","section":"Shading Mode"},"sceneLighting":true,"audioPlay":false,"sceneViewState":{"m_AlwaysRefresh":false,"showFog":true,"showSkybox":false,"showFlares":true,"showImageEffects":true,"showParticleSystems":true,"showVisualEffectGraphs":true,"m_FxEnabled":true},"in2DMode":false,"pivot":{"x":-6.829344749450684,"y":216.3442840576172,"z":428.4144592285156},"rotation":{"x":0.008861904963850975,"y":0.9610239863395691,"z":-0.2746804356575012,"w":0.030865736305713655},"size":0.7178040742874146,"orthographic":false}