{"cameraMode":{"drawMode":0,"name":"Shaded","section":"Shading Mode"},"sceneLighting":true,"audioPlay":false,"sceneViewState":{"m_AlwaysRefresh":false,"showFog":true,"showSkybox":false,"showFlares":true,"showImageEffects":true,"showParticleSystems":true,"showVisualEffectGraphs":true,"m_FxEnabled":true},"in2DMode":false,"pivot":{"x":8.384943962097168,"y":204.5653839111328,"z":400.01861572265627},"rotation":{"x":0.15067104995250703,"y":-0.10417831689119339,"z":-0.016006607562303544,"w":-0.9829655289649963},"size":22.859615325927736,"orthographic":false}