{"cameraMode":{"drawMode":0,"name":"Shaded","section":"Shading Mode"},"sceneLighting":true,"audioPlay":false,"sceneViewState":{"m_AlwaysRefresh":false,"showFog":true,"showSkybox":false,"showFlares":true,"showImageEffects":true,"showParticleSystems":true,"showVisualEffectGraphs":true,"m_FxEnabled":true},"in2DMode":false,"pivot":{"x":-9.890983581542969,"y":-157.51039123535157,"z":321.5130310058594},"rotation":{"x":-0.22541779279708863,"y":0.015493795275688172,"z":-0.0035879730712622406,"w":-0.9741480350494385},"size":204.4511260986328,"orthographic":false}