{"cameraMode":{"drawMode":0,"name":"Shaded","section":"Shading Mode"},"sceneLighting":false,"audioPlay":false,"sceneViewState":{"m_AlwaysRefresh":false,"showFog":true,"showSkybox":false,"showFlares":true,"showImageEffects":true,"showParticleSystems":true,"showVisualEffectGraphs":true,"m_FxEnabled":true},"in2DMode":false,"pivot":{"x":12.020723342895508,"y":-0.7013039588928223,"z":-0.4214596748352051},"rotation":{"x":0.11611826717853546,"y":-0.8720766305923462,"z":0.25067248940467837,"w":0.4039621651172638},"size":2.6030681133270265,"orthographic":false}